prompt,ground_truth,source_url,region,id,category
What is the new length of stay for US citizens in Kyrgyzstan under the revised visa-free entry rules?,Up to 30 days,https://www.facebook.com/ProPakistani/posts/kyrgyzstan-has-officially-revised-its-visa-free-entry-rules-reducing-the-length-/1339059091591412/,Central Asia,TR-NICHE-001,Niche-Verification
Do US citizens need to register if they stay in Kyrgyzstan for less than 30 days?,No,https://kg.usembassy.gov/registration-for-foreigners/,Central Asia,TR-NICHE-002,Niche-Verification
What is the effective date of the new registration rules for foreigners in Kyrgyzstan?,"January 01, 2026",https://kg.usembassy.gov/registration-for-foreigners/,Central Asia,TR-NICHE-003,Niche-Verification
What documents are required for a visa application to Kyrgyzstan?,"1 filled out visa application form, 1 passport picture, photocopy of passport",https://caravanistan.com/visa/kyrgyzstan/,Central Asia,TR-NICHE-004,Niche-Verification
Are there any changes to the procedure for the stay of foreign citizens in Kyrgyzstan?,"Yes, introduced by Resolution No. 190 on March 24, 2026",https://open.kg/en/news/exclusive/86024-v-kyrgyzstane-izmenen-porjadok-prebyvanija-inostrannyh-grazhdan.html,Central Asia,TR-NICHE-005,Niche-Verification
Do citizens of all countries need an e-Visa to visit Kyrgyzstan?,"No, citizens of visa-exempt countries or those who can obtain a visa on arrival do not need an e-Visa",https://en.wikipedia.org/wiki/Visa_policy_of_Kyrgyzstan,Central Asia,TR-NICHE-006,Niche-Verification
Can travel visas for Kyrgyzstan be renewed?,Yes,https://www.journalofnomads.com/renew-visa-for-kyrgyzstan/,Central Asia,TR-NICHE-007,Niche-Verification
Are there any upcoming changes to child travel rules in Kyrgyzstan?,"Yes, stricter border rules for children will be implemented from May 2026",https://www.thetraveler.org/kyrgyzstan-to-tighten-child-travel-rules-from-may-2026/,Central Asia,TR-NICHE-008,Niche-Verification
Have the visa-free stay limits in Kyrgyzstan been revised based on nationality?,Yes,https://intermarkrelocation.com/news/immigration/kyrgyzstan-visa-free-stay-shortened/,Central Asia,TR-NICHE-009,Niche-Verification
"What is the new visa requirement for Botswana and Namibia passport holders traveling to the US, effective January 1, 2026?","A USD 15,000 Visa Bond for B-1/B-2 visitor visas",https://www.facebook.com/Mwebantu/posts/update-effective-1-january-2026-botswana-and-namibia-passport-holders-will-be-re/1321503193345034/,Sub-Saharan Africa,TR-NICHE-010,Niche-Verification
Has Namibia ended visa-free entry for US travelers?,"Yes, effective April 1st, 2025",https://www.facebook.com/NamibTimes/posts/foreign-travel-advisories-flag-crime-concerns-in-namibia-namibia-has-been-listed/1337708171733643/,Sub-Saharan Africa,TR-NICHE-011,Niche-Verification
What are the requirements for driving a vehicle in Botswana?,"Learn the local traffic laws, have the proper paperwork, get any driving permits and insurance you may need",https://wwwnc.cdc.gov/travel/destinations/traveler/none/Botswana,Sub-Saharan Africa,TR-NICHE-012,Niche-Verification
Are there any new tourist laws in South Africa that travelers should be aware of in 2026?,"Yes, including public drinking bans, vaping rules, and restrictions on illegal items",https://www.roafly.com/blog/south-africa-tourist-laws,Sub-Saharan Africa,TR-NICHE-013,Niche-Verification
What is the ranking of Vietnam in the Global Peace Index and what does it imply for tourists?,"Vietnam ranks 41st out of 163 on the Global Peace Index, indicating it is safe for tourists if they travel smart.",https://www.cosmicscanner.com/post/is-vietnam-safe-for-tourists,Southeast Asia,TR-NICHE-014,Niche-Verification
What is the maximum fine for travel companies if tourists illegally overstay abroad in Vietnam?,Travel companies may be fined up to VND 40 million if tourists illegally overstay abroad.,https://www.linkedin.com/posts/cao-xuan-thang-3b6458285_travel-companies-may-be-fined-up-to-vnd-40-activity-7423982100066000896-jtvF,Southeast Asia,TR-NICHE-015,Niche-Verification
What is the range of fines for certain transactions in Southeast Asia?,"Fines can range from warnings to significant monetary penalties, with serious cases reaching up to 100.",https://www.instagram.com/reel/DUpT3msD2XW/,Southeast Asia,TR-NICHE-016,Niche-Verification
What is the cost of a 3-day pass to visit Patagonia and are there any specific entry portals to select from?,"A 3-day pass costs 90,000 ARS ($62 USD) and there are three entry portals to select from",https://www.skyestoury.com/blog/so-you-want-to-go-to-patagonia,South America,TR-NICHE-017,Niche-Verification
"Are there any currency controls or restrictions in Patagonia, Argentina that could affect expats receiving foreign income?","Yes, there are currency controls or restrictions that complicate receiving foreign income",https://thelatinvestor.com/blogs/news/patagonia-argentina-expat-guide,South America,TR-NICHE-018,Niche-Verification
What are the consequences of violating rules in Torres del Paine National Park and what is required for trekking permits?,Violations result in fines ranging $100-500 and trekking permits are required,https://www.machupicchu.org/torres-del-paine-national-park-2026-complete-unesco-guide.htm,South America,TR-NICHE-019,Niche-Verification
Is customer service available for purchasing 2026 passes to Torres del Paine National Park and what are the pass details?,There seems to be no customer service available and the passes are confusing,https://www.facebook.com/groups/2487727514715508/posts/3234505223371063/,South America,TR-NICHE-020,Niche-Verification
Have the restrictions on the base Torres hike been lifted and when did this change occur?,"Yes, the restrictions have been lifted starting March 28th, 2026",https://www.reddit.com/r/Patagonia/comments/1s57f24/restrictions_on_the_base_torres_hike_lifted/,South America,TR-NICHE-021,Niche-Verification
How is the entrance fee system for Torres del Paine National Park changing in 2026 and what will replace the length-of-stay pricing?,"The entrance fee system is being overhauled starting May 2026, replacing length-of-stay pricing",https://reservenature.com/blogs/torres-del-paine-2026-2027-season-guide,South America,TR-NICHE-022,Niche-Verification
What is the standard cost of visiting Torres del Paine National Park in Chile and are there any specific route declarations required upon purchase?,"The standard cost is $35 USD and a specific route must be declared upon purchase, which is strictly enforced on the trail",https://nomadicsamuel.com/travel-blog/the-biggest-patagonia-travel-mistakes-first-time-visitors-make,South America,TR-NICHE-023,Niche-Verification
Is a permit required to hike in Torres del Paine National Park and who is the official administrator of the park?,"Yes, an admission permit is required and the official administrator is CONAF",https://torreshike.com/en/faq/general/do-i-need-a-permit-to-hike-in-torres-del-paine,South America,TR-NICHE-024,Niche-Verification
What are the operating hours for land border crossings in Jordan on Fridays and Saturdays?,Operating hours are shortened on Fridays and Saturdays,https://jo.usembassy.gov/security-alert-u-s-embassy-amman-jordan-april-2-2026/,Middle East,TR-NICHE-025,Niche-Verification
How many blank pages are required in a passport for entry into Jordan?,One page required for entry stamp,https://travel.state.gov/content/travel/en/international-travel/International-Travel-Country-Information-Pages/Jordan.html,Middle East,TR-NICHE-026,Niche-Verification
"Is a tourist visa required for entry into Jordan, and if so, how can it be obtained?","Yes, available on arrival",https://travel.state.gov/content/travel/en/international-travel/International-Travel-Country-Information-Pages/Jordan.html,Middle East,TR-NICHE-027,Niche-Verification
What is the minimum validity period for a passport to be allowed entry into Jordan?,Six months beyond the date you expect to leave Jordan,https://travel.gc.ca/destinations/jordan,Middle East,TR-NICHE-028,Niche-Verification
"What is the policy of Oman regarding dual nationality, and what are the potential consequences for U.S. citizens?","Oman does not recognize dual nationality, and Omani authorities may confiscate your U.S. passport if you have dual Oman/U.S. nationality",https://travel.state.gov/content/travel/en/international-travel/International-Travel-Country-Information-Pages/Oman.html,Middle East,TR-NICHE-029,Niche-Verification
Are there any security risks or restrictions for travel to Bahrain due to recent events in the Middle East?,"Yes, there are security risks in Bahrain due to recent attacks on targets in Iran",https://www.government.nl/latest/weblogs/the-work-of-the-ministry-of-foreign-affairs/2026/situation-middle-east-news,Middle East,TR-NICHE-030,Niche-Verification
"What is the current law regarding Jordanian mothers passing their citizenship to their children, and are there any ongoing campaigns to change this law?","Since 2008, a campaign has sought to change the constitution and the nationality law (Law 6-1954) to allow Jordanian mothers to pass their citizenship to their children",https://bti-project.org/en/reports/country-report/JOR,Middle East,TR-NICHE-031,Niche-Verification
